TAG_NAME,RUN,SAMPLE,TAG,PRIMER F,PRIMER R
P1_A1,MB0423A2,SPY222527_01,aacaagcc,ACACCGCCCGTCACTCT,CTTCCGGTACACTTACCATG
P1_A2,MB0423A2,SPY222527_02,tgagagct,ACACCGCCCGTCACTCT,CTTCCGGTACACTTACCATG
P1_A3,MB0423A2,SPY222527_03,acaaccga,ACACCGCCCGTCACTCT,CTTCCGGTACACTTACCATG
P1_A4,MB0423A2,SPY222527_04,ttacgcca,ACACCGCCCGTCACTCT,CTTCCGGTACACTTACCATG
P1_A5,MB0423A2,SPY222527_05,ggagaaga,ACACCGCCCGTCACTCT,CTTCCGGTACACTTACCATG
P1_A6,MB0423A2,SPY222527_06,caggctaa,ACACCGCCCGTCACTCT,CTTCCGGTACACTTACCATG
P1_A7,MB0423A2,SPY222527_07,ggatagca,ACACCGCCCGTCACTCT,CTTCCGGTACACTTACCATG
P1_A8,MB0423A2,SPY222527_08,acacacag,ACACCGCCCGTCACTCT,CTTCCGGTACACTTACCATG
P1_A9,MB0423A2,SPY222527_09,tccaacac,ACACCGCCCGTCACTCT,CTTCCGGTACACTTACCATG
P1_A10,MB0423A2,SPY222527_10,caacctca,ACACCGCCCGTCACTCT,CTTCCGGTACACTTACCATG
P1_A11,MB0423A2,SPY222527_11,cgcatctt,ACACCGCCCGTCACTCT,CTTCCGGTACACTTACCATG
P1_A12,MB0423A2,SPY222527_12,acactcct,ACACCGCCCGTCACTCT,CTTCCGGTACACTTACCATG
P1_B1,MB0423A2,SPY222528_01,ggaatgag,ACACCGCCCGTCACTCT,CTTCCGGTACACTTACCATG
P1_B2,MB0423A2,SPY222528_02,ctgacctt,ACACCGCCCGTCACTCT,CTTCCGGTACACTTACCATG
P1_B3,MB0423A2,SPY222528_03,tgagccta,ACACCGCCCGTCACTCT,CTTCCGGTACACTTACCATG
P1_B4,MB0423A2,SPY222528_04,tcatagcg,ACACCGCCCGTCACTCT,CTTCCGGTACACTTACCATG
P1_B5,MB0423A2,SPY222528_05,gtgctcaa,ACACCGCCCGTCACTCT,CTTCCGGTACACTTACCATG
P1_B6,MB0423A2,SPY222528_06,tcatcggt,ACACCGCCCGTCACTCT,CTTCCGGTACACTTACCATG
P1_B7,MB0423A2,SPY222528_07,cagtagac,ACACCGCCCGTCACTCT,CTTCCGGTACACTTACCATG
P1_B8,MB0423A2,SPY222528_08,aacctagc,ACACCGCCCGTCACTCT,CTTCCGGTACACTTACCATG
P1_B9,MB0423A2,SPY222528_09,gtgtgaag,ACACCGCCCGTCACTCT,CTTCCGGTACACTTACCATG
P1_B10,MB0423A2,SPY222528_10,ggattcga,ACACCGCCCGTCACTCT,CTTCCGGTACACTTACCATG
P1_B11,MB0423A2,SPY222528_11,gatacgct,ACACCGCCCGTCACTCT,CTTCCGGTACACTTACCATG
P1_B12,MB0423A2,SPY222528_12,gttaacgg,ACACCGCCCGTCACTCT,CTTCCGGTACACTTACCATG
P1_C1,MB0423A2,SPY222529_01,aattgccg,ACACCGCCCGTCACTCT,CTTCCGGTACACTTACCATG
P1_C2,MB0423A2,SPY222529_02,atgcttgg,ACACCGCCCGTCACTCT,CTTCCGGTACACTTACCATG
P1_C3,MB0423A2,SPY222529_03,atggaggt,ACACCGCCCGTCACTCT,CTTCCGGTACACTTACCATG
P1_C4,MB0423A2,SPY222529_04,tgaggaca,ACACCGCCCGTCACTCT,CTTCCGGTACACTTACCATG
P1_C5,MB0423A2,SPY222529_05,acaagacc,ACACCGCCCGTCACTCT,CTTCCGGTACACTTACCATG
P1_C6,MB0423A2,SPY222529_06,agttccac,ACACCGCCCGTCACTCT,CTTCCGGTACACTTACCATG
P1_C7,MB0423A2,SPY222529_07,tagccact,ACACCGCCCGTCACTCT,CTTCCGGTACACTTACCATG
P1_C8,MB0423A2,SPY222529_08,acacaggt,ACACCGCCCGTCACTCT,CTTCCGGTACACTTACCATG
P1_C9,MB0423A2,SPY222529_09,aacctgct,ACACCGCCCGTCACTCT,CTTCCGGTACACTTACCATG
P1_C10,MB0423A2,SPY222529_10,ttaggcac,ACACCGCCCGTCACTCT,CTTCCGGTACACTTACCATG
P1_C11,MB0423A2,SPY222529_11,gtgttgga,ACACCGCCCGTCACTCT,CTTCCGGTACACTTACCATG
P1_C12,MB0423A2,SPY222529_12,aacgcgat,ACACCGCCCGTCACTCT,CTTCCGGTACACTTACCATG
P1_D1,MB0423A2,SPY222530_01,cgaccata,ACACCGCCCGTCACTCT,CTTCCGGTACACTTACCATG
P1_D2,MB0423A2,SPY222530_02,aacaccgt,ACACCGCCCGTCACTCT,CTTCCGGTACACTTACCATG
P1_D3,MB0423A2,SPY222530_03,tcatacgc,ACACCGCCCGTCACTCT,CTTCCGGTACACTTACCATG
P1_D4,MB0423A2,SPY222530_04,aacaggag,ACACCGCCCGTCACTCT,CTTCCGGTACACTTACCATG
P1_D5,MB0423A2,SPY222530_05,caggaaca,ACACCGCCCGTCACTCT,CTTCCGGTACACTTACCATG
P1_D6,MB0423A2,SPY222530_06,aaccaacg,ACACCGCCCGTCACTCT,CTTCCGGTACACTTACCATG
P1_D7,MB0423A2,SPY222530_07,gaggacta,ACACCGCCCGTCACTCT,CTTCCGGTACACTTACCATG
P1_D8,MB0423A2,SPY222530_08,tagagctg,ACACCGCCCGTCACTCT,CTTCCGGTACACTTACCATG
P1_D9,MB0423A2,SPY222530_09,ggatgtct,ACACCGCCCGTCACTCT,CTTCCGGTACACTTACCATG
P1_D10,MB0423A2,SPY222530_10,cgcataga,ACACCGCCCGTCACTCT,CTTCCGGTACACTTACCATG
P1_D11,MB0423A2,SPY222530_11,acactagg,ACACCGCCCGTCACTCT,CTTCCGGTACACTTACCATG
P1_D12,MB0423A2,SPY222530_12,cgcgtaat,ACACCGCCCGTCACTCT,CTTCCGGTACACTTACCATG
P1_E1,MB0423A2,SPY222532_01,atgctgac,ACACCGCCCGTCACTCT,CTTCCGGTACACTTACCATG
P1_E2,MB0423A2,SPY222532_02,ttaccgct,ACACCGCCCGTCACTCT,CTTCCGGTACACTTACCATG
P1_E3,MB0423A2,SPY222532_03,ctgagtct,ACACCGCCCGTCACTCT,CTTCCGGTACACTTACCATG
P1_E4,MB0423A2,SPY222532_04,gagtaacc,ACACCGCCCGTCACTCT,CTTCCGGTACACTTACCATG
P1_E5,MB0423A2,SPY222532_05,gtgatctc,ACACCGCCCGTCACTCT,CTTCCGGTACACTTACCATG
P1_E6,MB0423A2,SPY222532_06,ctgcgaat,ACACCGCCCGTCACTCT,CTTCCGGTACACTTACCATG
P1_E7,MB0423A2,SPY222532_07,agaagagg,ACACCGCCCGTCACTCT,CTTCCGGTACACTTACCATG
P1_E8,MB0423A2,SPY222532_08,aacctcag,ACACCGCCCGTCACTCT,CTTCCGGTACACTTACCATG
P1_E9,MB0423A2,SPY222532_09,tccaagca,ACACCGCCCGTCACTCT,CTTCCGGTACACTTACCATG
P1_E10,MB0423A2,SPY222532_10,cagttctc,ACACCGCCCGTCACTCT,CTTCCGGTACACTTACCATG
P1_E11,MB0423A2,SPY222532_11,cgccaatt,ACACCGCCCGTCACTCT,CTTCCGGTACACTTACCATG
P1_E12,MB0423A2,SPY222532_12,ccgatact,ACACCGCCCGTCACTCT,CTTCCGGTACACTTACCATG
P1_F1,MB0423A2,SPY222533_01,tgagacag,ACACCGCCCGTCACTCT,CTTCCGGTACACTTACCATG
P1_F2,MB0423A2,SPY222533_02,ccagtatg,ACACCGCCCGTCACTCT,CTTCCGGTACACTTACCATG
P1_F3,MB0423A2,SPY222533_03,gaggtgaa,ACACCGCCCGTCACTCT,CTTCCGGTACACTTACCATG
P1_F4,MB0423A2,SPY222533_04,cagctcat,ACACCGCCCGTCACTCT,CTTCCGGTACACTTACCATG
P1_F5,MB0423A2,SPY222533_05,acttggct,ACACCGCCCGTCACTCT,CTTCCGGTACACTTACCATG
P1_F6,MB0423A2,SPY222533_06,gtggttag,ACACCGCCCGTCACTCT,CTTCCGGTACACTTACCATG
P1_F7,MB0423A2,SPY222533_07,cgatgagt,ACACCGCCCGTCACTCT,CTTCCGGTACACTTACCATG
P1_F8,MB0423A2,SPY222533_08,ggatgatc,ACACCGCCCGTCACTCT,CTTCCGGTACACTTACCATG
P1_F9,MB0423A2,SPY222533_09,agaatgcc,ACACCGCCCGTCACTCT,CTTCCGGTACACTTACCATG
P1_F10,MB0423A2,SPY222533_10,aacgagtg,ACACCGCCCGTCACTCT,CTTCCGGTACACTTACCATG
P1_F11,MB0423A2,SPY222533_11,tagcaagg,ACACCGCCCGTCACTCT,CTTCCGGTACACTTACCATG
P1_F12,MB0423A2,SPY222533_12,agacatcc,ACACCGCCCGTCACTCT,CTTCCGGTACACTTACCATG
P1_G1,MB0423A2,SPY222537_01,gagcttac,ACACCGCCCGTCACTCT,CTTCCGGTACACTTACCATG
P1_G2,MB0423A2,SPY222537_02,tgagatgc,ACACCGCCCGTCACTCT,CTTCCGGTACACTTACCATG
P1_G3,MB0423A2,SPY222537_03,ggcatgta,ACACCGCCCGTCACTCT,CTTCCGGTACACTTACCATG
P1_G4,MB0423A2,SPY222537_04,tgctccaa,ACACCGCCCGTCACTCT,CTTCCGGTACACTTACCATG
P1_G5,MB0423A2,SPY222537_05,cgatacac,ACACCGCCCGTCACTCT,CTTCCGGTACACTTACCATG
P1_G6,MB0423A2,SPY222537_06,agaacgtg,ACACCGCCCGTCACTCT,CTTCCGGTACACTTACCATG
P1_G7,MB0423A2,SPY222537_07,gtgtagtc,ACACCGCCCGTCACTCT,CTTCCGGTACACTTACCATG
P1_G8,MB0423A2,SPY222537_08,tatctggc,ACACCGCCCGTCACTCT,CTTCCGGTACACTTACCATG
P1_G9,MB0423A2,SPY222537_09,gtgtgtgt,ACACCGCCCGTCACTCT,CTTCCGGTACACTTACCATG
P1_G10,MB0423A2,SPY222537_10,ctgtcaac,ACACCGCCCGTCACTCT,CTTCCGGTACACTTACCATG
P1_G11,MB0423A2,SPY222537_11,gtcacaga,ACACCGCCCGTCACTCT,CTTCCGGTACACTTACCATG
P1_G12,MB0423A2,SPY222537_12,gatagagg,ACACCGCCCGTCACTCT,CTTCCGGTACACTTACCATG
P1_H1,MB0423A2,SPY222538_01,ttaccagg,ACACCGCCCGTCACTCT,CTTCCGGTACACTTACCATG
P1_H2,MB0423A2,SPY222538_02,gtgcaact,ACACCGCCCGTCACTCT,CTTCCGGTACACTTACCATG
P1_H3,MB0423A2,SPY222538_03,gtgccata,ACACCGCCCGTCACTCT,CTTCCGGTACACTTACCATG
P1_H4,MB0423A2,SPY222538_04,tcagtcga,ACACCGCCCGTCACTCT,CTTCCGGTACACTTACCATG
P1_H5,MB0423A2,SPY222538_05,tcatcctg,ACACCGCCCGTCACTCT,CTTCCGGTACACTTACCATG
P1_H6,MB0423A2,SPY222538_06,tcatgcct,ACACCGCCCGTCACTCT,CTTCCGGTACACTTACCATG
P1_H7,MB0423A2,SPY222538_07,gagttcct,ACACCGCCCGTCACTCT,CTTCCGGTACACTTACCATG
P1_H8,MB0423A2,SPY222538_08,ctggttga,ACACCGCCCGTCACTCT,CTTCCGGTACACTTACCATG
P1_H9,MB0423A2,SPY222538_09,cacggata,ACACCGCCCGTCACTCT,CTTCCGGTACACTTACCATG
P1_H10,MB0423A2,SPY222538_10,tccaccta,ACACCGCCCGTCACTCT,CTTCCGGTACACTTACCATG
P1_H11,MB0423A2,SPY222538_11,tccagatc,ACACCGCCCGTCACTCT,CTTCCGGTACACTTACCATG
P1_H12,MB0423A2,SPY222538_12,ctgttgtg,ACACCGCCCGTCACTCT,CTTCCGGTACACTTACCATG
P2_A1,MB0423A2,OTHER01_01,aacgcttc,ACACCGCCCGTCACTCT,CTTCCGGTACACTTACCATG
P2_A2,MB0423A2,OTHER01_02,tgcaagag,ACACCGCCCGTCACTCT,CTTCCGGTACACTTACCATG
P2_A3,MB0423A2,OTHER01_03,aaggttcg,ACACCGCCCGTCACTCT,CTTCCGGTACACTTACCATG
P2_A4,MB0423A2,OTHER01_04,acaacgct,ACACCGCCCGTCACTCT,CTTCCGGTACACTTACCATG
P2_A5,MB0423A2,OTHER01_05,cggattgt,ACACCGCCCGTCACTCT,CTTCCGGTACACTTACCATG
P2_A6,MB0423A2,OTHER01_06,agagagtc,ACACCGCCCGTCACTCT,CTTCCGGTACACTTACCATG
P2_A7,MB0423A2,OTHER01_07,agagctac,ACACCGCCCGTCACTCT,CTTCCGGTACACTTACCATG
P2_A8,MB0423A2,OTHER01_08,aactgtcc,ACACCGCCCGTCACTCT,CTTCCGGTACACTTACCATG
P2_A9,MB0423A2,OTHER01_09,tgcttgtc,ACACCGCCCGTCACTCT,CTTCCGGTACACTTACCATG
P2_A10,MB0423A2,OTHER01_10,tcgaagtg,ACACCGCCCGTCACTCT,CTTCCGGTACACTTACCATG
P2_A11,MB0423A2,OTHER01_11,tcgagaca,ACACCGCCCGTCACTCT,CTTCCGGTACACTTACCATG
P2_A12,MB0423A2,OTHER01_12,acaggtca,ACACCGCCCGTCACTCT,CTTCCGGTACACTTACCATG
P2_B1,MB0423A2,OTHER02_01,acactgtc,ACACCGCCCGTCACTCT,CTTCCGGTACACTTACCATG
P2_B2,MB0423A2,OTHER02_02,aagagtgc,ACACCGCCCGTCACTCT,CTTCCGGTACACTTACCATG
P2_B3,MB0423A2,OTHER02_03,atgaggtg,ACACCGCCCGTCACTCT,CTTCCGGTACACTTACCATG
P2_B4,MB0423A2,OTHER02_04,tccgctaa,ACACCGCCCGTCACTCT,CTTCCGGTACACTTACCATG
P2_B5,MB0423A2,OTHER02_05,agagaacg,ACACCGCCCGTCACTCT,CTTCCGGTACACTTACCATG
P2_B6,MB0423A2,OTHER02_06,aactcctg,ACACCGCCCGTCACTCT,CTTCCGGTACACTTACCATG
P2_B7,MB0423A2,OTHER02_07,aactgagg,ACACCGCCCGTCACTCT,CTTCCGGTACACTTACCATG
P2_B8,MB0423A2,OTHER02_08,tcctggta,ACACCGCCCGTCACTCT,CTTCCGGTACACTTACCATG
P2_B9,MB0423A2,OTHER02_09,catcgatg,ACACCGCCCGTCACTCT,CTTCCGGTACACTTACCATG
P2_B10,MB0423A2,OTHER02_10,gatgcctt,ACACCGCCCGTCACTCT,CTTCCGGTACACTTACCATG
P2_B11,MB0423A2,OTHER02_11,tagtcgag,ACACCGCCCGTCACTCT,CTTCCGGTACACTTACCATG
P2_B12,MB0423A2,OTHER02_12,gttgagag,ACACCGCCCGTCACTCT,CTTCCGGTACACTTACCATG
P2_C1,MB0423A2,SPY222542_01,tccatacg,ACACCGCCCGTCACTCT,CTTCCGGTACACTTACCATG
P2_C2,MB0423A2,SPY222542_02,catacctc,ACACCGCCCGTCACTCT,CTTCCGGTACACTTACCATG
P2_C3,MB0423A2,SPY222542_03,gatatcgc,ACACCGCCCGTCACTCT,CTTCCGGTACACTTACCATG
P2_C4,MB0423A2,SPY222542_04,atacagcg,ACACCGCCCGTCACTCT,CTTCCGGTACACTTACCATG
P2_C5,MB0423A2,SPY222542_05,ataccacc,ACACCGCCCGTCACTCT,CTTCCGGTACACTTACCATG
P2_C6,MB0423A2,SPY222542_06,cgaacaac,ACACCGCCCGTCACTCT,CTTCCGGTACACTTACCATG
P2_C7,MB0423A2,SPY222542_07,ggtagttc,ACACCGCCCGTCACTCT,CTTCCGGTACACTTACCATG
P2_C8,MB0423A2,SPY222542_08,catccagt,ACACCGCCCGTCACTCT,CTTCCGGTACACTTACCATG
P2_C9,MB0423A2,SPY222542_09,cgtagcta,ACACCGCCCGTCACTCT,CTTCCGGTACACTTACCATG
P2_C10,MB0423A2,SPY222542_10,agatcagc,ACACCGCCCGTCACTCT,CTTCCGGTACACTTACCATG
P2_C11,MB0423A2,SPY222542_11,gatggtca,ACACCGCCCGTCACTCT,CTTCCGGTACACTTACCATG
P2_C12,MB0423A2,SPY222542_12,agatctcg,ACACCGCCCGTCACTCT,CTTCCGGTACACTTACCATG
P2_D1,MB0423A2,SPY222546_01,agtgttcc,ACACCGCCCGTCACTCT,CTTCCGGTACACTTACCATG
P2_D2,MB0423A2,SPY222546_02,ctgttcgt,ACACCGCCCGTCACTCT,CTTCCGGTACACTTACCATG
P2_D3,MB0423A2,SPY222546_03,gttactcg,ACACCGCCCGTCACTCT,CTTCCGGTACACTTACCATG
P2_D4,MB0423A2,SPY222546_04,aactacgc,ACACCGCCCGTCACTCT,CTTCCGGTACACTTACCATG
P2_D5,MB0423A2,SPY222546_05,aatgccag,ACACCGCCCGTCACTCT,CTTCCGGTACACTTACCATG
P2_D6,MB0423A2,SPY222546_06,cggtcatt,ACACCGCCCGTCACTCT,CTTCCGGTACACTTACCATG
P2_D7,MB0423A2,SPY222546_07,cgtaagtc,ACACCGCCCGTCACTCT,CTTCCGGTACACTTACCATG
P2_D8,MB0423A2,SPY222546_08,tgcgaatg,ACACCGCCCGTCACTCT,CTTCCGGTACACTTACCATG
P2_D9,MB0423A2,SPY222546_09,cttcaacg,ACACCGCCCGTCACTCT,CTTCCGGTACACTTACCATG
P2_D10,MB0423A2,SPY222546_10,tcgactct,ACACCGCCCGTCACTCT,CTTCCGGTACACTTACCATG
P2_D11,MB0423A2,SPY222546_11,ggactatg,ACACCGCCCGTCACTCT,CTTCCGGTACACTTACCATG
P2_D12,MB0423A2,SPY222546_12,cgtctaca,ACACCGCCCGTCACTCT,CTTCCGGTACACTTACCATG
P2_E1,MB0423A2,SPY222547_01,acagaagc,ACACCGCCCGTCACTCT,CTTCCGGTACACTTACCATG
P2_E2,MB0423A2,SPY222547_02,cgcttatg,ACACCGCCCGTCACTCT,CTTCCGGTACACTTACCATG
P2_E3,MB0423A2,SPY222547_03,tccgagat,ACACCGCCCGTCACTCT,CTTCCGGTACACTTACCATG
P2_E4,MB0423A2,SPY222547_04,caacgtac,ACACCGCCCGTCACTCT,CTTCCGGTACACTTACCATG
P2_E5,MB0423A2,SPY222547_05,aacagctc,ACACCGCCCGTCACTCT,CTTCCGGTACACTTACCATG
P2_E6,MB0423A2,SPY222547_06,acagtgag,ACACCGCCCGTCACTCT,CTTCCGGTACACTTACCATG
P2_E7,MB0423A2,SPY222547_07,atacgtgc,ACACCGCCCGTCACTCT,CTTCCGGTACACTTACCATG
P2_E8,MB0423A2,SPY222547_08,gagtacag,ACACCGCCCGTCACTCT,CTTCCGGTACACTTACCATG
P2_E9,MB0423A2,SPY222547_09,catcggat,ACACCGCCCGTCACTCT,CTTCCGGTACACTTACCATG
P2_E10,MB0423A2,SPY222547_10,ttcactgg,ACACCGCCCGTCACTCT,CTTCCGGTACACTTACCATG
P2_E11,MB0423A2,SPY222547_11,tcgagcat,ACACCGCCCGTCACTCT,CTTCCGGTACACTTACCATG
P2_E12,MB0423A2,SPY222547_12,accaacct,ACACCGCCCGTCACTCT,CTTCCGGTACACTTACCATG
P2_F1,MB0423A2,SPY222552_01,agacctgt,ACACCGCCCGTCACTCT,CTTCCGGTACACTTACCATG
P2_F2,MB0423A2,SPY222552_02,agacgctt,ACACCGCCCGTCACTCT,CTTCCGGTACACTTACCATG
P2_F3,MB0423A2,SPY222552_03,ggctctat,ACACCGCCCGTCACTCT,CTTCCGGTACACTTACCATG
P2_F4,MB0423A2,SPY222552_04,gttaggca,ACACCGCCCGTCACTCT,CTTCCGGTACACTTACCATG
P2_F5,MB0423A2,SPY222552_05,cggtacta,ACACCGCCCGTCACTCT,CTTCCGGTACACTTACCATG
P2_F6,MB0423A2,SPY222552_06,cggttgaa,ACACCGCCCGTCACTCT,CTTCCGGTACACTTACCATG
P2_F7,MB0423A2,SPY222552_07,catcagca,ACACCGCCCGTCACTCT,CTTCCGGTACACTTACCATG
P2_F8,MB0423A2,SPY222552_08,agagtctg,ACACCGCCCGTCACTCT,CTTCCGGTACACTTACCATG
P2_F9,MB0423A2,SPY222552_09,aagaaccg,ACACCGCCCGTCACTCT,CTTCCGGTACACTTACCATG
P2_F10,MB0423A2,SPY222552_10,tgaagtcg,ACACCGCCCGTCACTCT,CTTCCGGTACACTTACCATG
P2_F11,MB0423A2,SPY222552_11,gtgcattg,ACACCGCCCGTCACTCT,CTTCCGGTACACTTACCATG
P2_F12,MB0423A2,SPY222552_12,atgagcac,ACACCGCCCGTCACTCT,CTTCCGGTACACTTACCATG
P2_G1,MB0423A2,SPY222556_01,cgctctta,ACACCGCCCGTCACTCT,CTTCCGGTACACTTACCATG
P2_G2,MB0423A2,SPY222556_02,aacgtcga,ACACCGCCCGTCACTCT,CTTCCGGTACACTTACCATG
P2_G3,MB0423A2,SPY222556_03,tagcgtag,ACACCGCCCGTCACTCT,CTTCCGGTACACTTACCATG
P2_G4,MB0423A2,SPY222556_04,catagtcg,ACACCGCCCGTCACTCT,CTTCCGGTACACTTACCATG
P2_G5,MB0423A2,SPY222556_05,ataccgga,ACACCGCCCGTCACTCT,CTTCCGGTACACTTACCATG
P2_G6,MB0423A2,SPY222556_06,gagctaga,ACACCGCCCGTCACTCT,CTTCCGGTACACTTACCATG
P2_G7,MB0423A2,SPY222556_07,accactca,ACACCGCCCGTCACTCT,CTTCCGGTACACTTACCATG
P2_G8,MB0423A2,SPY222556_08,cgtagact,ACACCGCCCGTCACTCT,CTTCCGGTACACTTACCATG
P2_G9,MB0423A2,SPY222556_09,gatgaggt,ACACCGCCCGTCACTCT,CTTCCGGTACACTTACCATG
P2_G10,MB0423A2,SPY222556_10,cggcataa,ACACCGCCCGTCACTCT,CTTCCGGTACACTTACCATG
P2_G11,MB0423A2,SPY222556_11,attcgcag,ACACCGCCCGTCACTCT,CTTCCGGTACACTTACCATG
P2_G12,MB0423A2,SPY222556_12,ggttactg,ACACCGCCCGTCACTCT,CTTCCGGTACACTTACCATG
P2_H1,MB0423A2,OTHER03_01,agacgaac,ACACCGCCCGTCACTCT,CTTCCGGTACACTTACCATG
P2_H2,MB0423A2,OTHER03_02,tagcctga,ACACCGCCCGTCACTCT,CTTCCGGTACACTTACCATG
P2_H3,MB0423A2,OTHER03_03,tgcactac,ACACCGCCCGTCACTCT,CTTCCGGTACACTTACCATG
P2_H4,MB0423A2,OTHER03_04,gtgcctat,ACACCGCCCGTCACTCT,CTTCCGGTACACTTACCATG
P2_H5,MB0423A2,OTHER03_05,gatcatcg,ACACCGCCCGTCACTCT,CTTCCGGTACACTTACCATG
P2_H6,MB0423A2,OTHER03_06,tgccagta,ACACCGCCCGTCACTCT,CTTCCGGTACACTTACCATG
P2_H7,MB0423A2,OTHER03_07,caatggct,ACACCGCCCGTCACTCT,CTTCCGGTACACTTACCATG
P2_H8,MB0423A2,OTHER03_08,tccttcca,ACACCGCCCGTCACTCT,CTTCCGGTACACTTACCATG
P2_H9,MB0423A2,OTHER03_09,cttcaggt,ACACCGCCCGTCACTCT,CTTCCGGTACACTTACCATG
P2_H10,MB0423A2,OTHER03_10,ggtgcata,ACACCGCCCGTCACTCT,CTTCCGGTACACTTACCATG
P2_H11,MB0423A2,OTHER03_11,acaagctg,ACACCGCCCGTCACTCT,CTTCCGGTACACTTACCATG
P2_H12,MB0423A2,OTHER03_12,agatggag,ACACCGCCCGTCACTCT,CTTCCGGTACACTTACCATG
P4_A1,MB0423A2,SPY222559_01,ccactgat,ACACCGCCCGTCACTCT,CTTCCGGTACACTTACCATG
P4_A2,MB0423A2,SPY222559_02,agctgtga,ACACCGCCCGTCACTCT,CTTCCGGTACACTTACCATG
P4_A3,MB0423A2,SPY222559_03,gtagcgaa,ACACCGCCCGTCACTCT,CTTCCGGTACACTTACCATG
P4_A4,MB0423A2,SPY222559_04,gcatgtac,ACACCGCCCGTCACTCT,CTTCCGGTACACTTACCATG
P4_A5,MB0423A2,SPY222559_05,atccacca,ACACCGCCCGTCACTCT,CTTCCGGTACACTTACCATG
P4_A6,MB0423A2,SPY222559_06,tatgcgca,ACACCGCCCGTCACTCT,CTTCCGGTACACTTACCATG
P4_A7,MB0423A2,SPY222559_07,tctcgtca,ACACCGCCCGTCACTCT,CTTCCGGTACACTTACCATG
P4_A8,MB0423A2,SPY222559_08,accgtctt,ACACCGCCCGTCACTCT,CTTCCGGTACACTTACCATG
P4_A9,MB0423A2,SPY222559_09,ccgacata,ACACCGCCCGTCACTCT,CTTCCGGTACACTTACCATG
P4_A10,MB0423A2,SPY222559_10,tccttagc,ACACCGCCCGTCACTCT,CTTCCGGTACACTTACCATG
P4_A11,MB0423A2,SPY222559_11,cgaaggat,ACACCGCCCGTCACTCT,CTTCCGGTACACTTACCATG
P4_A12,MB0423A2,SPY222559_12,cacactct,ACACCGCCCGTCACTCT,CTTCCGGTACACTTACCATG
P4_B1,MB0423A2,SPY222562_01,ccttggaa,ACACCGCCCGTCACTCT,CTTCCGGTACACTTACCATG
P4_B2,MB0423A2,SPY222562_02,aagtcgtc,ACACCGCCCGTCACTCT,CTTCCGGTACACTTACCATG
P4_B3,MB0423A2,SPY222562_03,agaggcaa,ACACCGCCCGTCACTCT,CTTCCGGTACACTTACCATG
P4_B4,MB0423A2,SPY222562_04,gacattcc,ACACCGCCCGTCACTCT,CTTCCGGTACACTTACCATG
P4_B5,MB0423A2,SPY222562_05,ccatccaa,ACACCGCCCGTCACTCT,CTTCCGGTACACTTACCATG
P4_B6,MB0423A2,SPY222562_06,tgtatcgg,ACACCGCCCGTCACTCT,CTTCCGGTACACTTACCATG
P4_B7,MB0423A2,SPY222562_07,tgccttga,ACACCGCCCGTCACTCT,CTTCCGGTACACTTACCATG
P4_B8,MB0423A2,SPY222562_08,ccgaacaa,ACACCGCCCGTCACTCT,CTTCCGGTACACTTACCATG
P4_B9,MB0423A2,SPY222562_09,acgtctac,ACACCGCCCGTCACTCT,CTTCCGGTACACTTACCATG
P4_B10,MB0423A2,SPY222562_10,ccgtaaga,ACACCGCCCGTCACTCT,CTTCCGGTACACTTACCATG
P4_B11,MB0423A2,SPY222562_11,aggtgact,ACACCGCCCGTCACTCT,CTTCCGGTACACTTACCATG
P4_B12,MB0423A2,SPY222562_12,cacagagt,ACACCGCCCGTCACTCT,CTTCCGGTACACTTACCATG
P4_C1,MB0423A2,SPY222565_01,gaaggaag,ACACCGCCCGTCACTCT,CTTCCGGTACACTTACCATG
P4_C2,MB0423A2,SPY222565_02,acgatcgt,ACACCGCCCGTCACTCT,CTTCCGGTACACTTACCATG
P4_C3,MB0423A2,SPY222565_03,gaagtgtg,ACACCGCCCGTCACTCT,CTTCCGGTACACTTACCATG
P4_C4,MB0423A2,SPY222565_04,acgcgtat,ACACCGCCCGTCACTCT,CTTCCGGTACACTTACCATG
P4_C5,MB0423A2,SPY222565_05,agcagtct,ACACCGCCCGTCACTCT,CTTCCGGTACACTTACCATG
P4_C6,MB0423A2,SPY222565_06,acggtaga,ACACCGCCCGTCACTCT,CTTCCGGTACACTTACCATG
P4_C7,MB0423A2,SPY222565_07,ttgacggt,ACACCGCCCGTCACTCT,CTTCCGGTACACTTACCATG
P4_C8,MB0423A2,SPY222565_08,caatccgt,ACACCGCCCGTCACTCT,CTTCCGGTACACTTACCATG
P4_C9,MB0423A2,SPY222565_09,tagaggac,ACACCGCCCGTCACTCT,CTTCCGGTACACTTACCATG
P4_C10,MB0423A2,SPY222565_10,ttgatgcg,ACACCGCCCGTCACTCT,CTTCCGGTACACTTACCATG
P4_C11,MB0423A2,SPY222565_11,gcaggata,ACACCGCCCGTCACTCT,CTTCCGGTACACTTACCATG
P4_C12,MB0423A2,SPY222565_12,actactgg,ACACCGCCCGTCACTCT,CTTCCGGTACACTTACCATG
P4_D1,MB0423A2,SPY222569_01,caagaagg,ACACCGCCCGTCACTCT,CTTCCGGTACACTTACCATG
P4_D2,MB0423A2,SPY222569_02,ctactcag,ACACCGCCCGTCACTCT,CTTCCGGTACACTTACCATG
P4_D3,MB0423A2,SPY222569_03,caagcgta,ACACCGCCCGTCACTCT,CTTCCGGTACACTTACCATG
P4_D4,MB0423A2,SPY222569_04,caaggttg,ACACCGCCCGTCACTCT,CTTCCGGTACACTTACCATG
P4_D5,MB0423A2,SPY222569_05,tatgcagg,ACACCGCCCGTCACTCT,CTTCCGGTACACTTACCATG
P4_D6,MB0423A2,SPY222569_06,cgagatca,ACACCGCCCGTCACTCT,CTTCCGGTACACTTACCATG
P4_D7,MB0423A2,SPY222569_07,aatacggc,ACACCGCCCGTCACTCT,CTTCCGGTACACTTACCATG
P4_D8,MB0423A2,SPY222569_08,gcctatct,ACACCGCCCGTCACTCT,CTTCCGGTACACTTACCATG
P4_D9,MB0423A2,SPY222569_09,atcgctga,ACACCGCCCGTCACTCT,CTTCCGGTACACTTACCATG
P4_D10,MB0423A2,SPY222569_10,aggtagtg,ACACCGCCCGTCACTCT,CTTCCGGTACACTTACCATG
P4_D11,MB0423A2,SPY222569_11,cctaagct,ACACCGCCCGTCACTCT,CTTCCGGTACACTTACCATG
P4_D12,MB0423A2,SPY222569_12,tgtgcttg,ACACCGCCCGTCACTCT,CTTCCGGTACACTTACCATG
P4_E1,MB0423A2,SPY222574_01,ctgatcca,ACACCGCCCGTCACTCT,CTTCCGGTACACTTACCATG
P4_E2,MB0423A2,SPY222574_02,aagtgcga,ACACCGCCCGTCACTCT,CTTCCGGTACACTTACCATG
P4_E3,MB0423A2,SPY222574_03,gtagcttc,ACACCGCCCGTCACTCT,CTTCCGGTACACTTACCATG
P4_E4,MB0423A2,SPY222574_04,gcattacg,ACACCGCCCGTCACTCT,CTTCCGGTACACTTACCATG
P4_E5,MB0423A2,SPY222574_05,tctccaga,ACACCGCCCGTCACTCT,CTTCCGGTACACTTACCATG
P4_E6,MB0423A2,SPY222574_06,caataccg,ACACCGCCCGTCACTCT,CTTCCGGTACACTTACCATG
P4_E7,MB0423A2,SPY222574_07,tctctcgt,ACACCGCCCGTCACTCT,CTTCCGGTACACTTACCATG
P4_E8,MB0423A2,SPY222574_08,ttgagagg,ACACCGCCCGTCACTCT,CTTCCGGTACACTTACCATG
P4_E9,MB0423A2,SPY222574_09,gaattggc,ACACCGCCCGTCACTCT,CTTCCGGTACACTTACCATG
P4_E10,MB0423A2,SPY222574_10,ccgtagtt,ACACCGCCCGTCACTCT,CTTCCGGTACACTTACCATG
P4_E11,MB0423A2,SPY222574_11,gtcaatgc,ACACCGCCCGTCACTCT,CTTCCGGTACACTTACCATG
P4_E12,MB0423A2,SPY222574_12,cctagaga,ACACCGCCCGTCACTCT,CTTCCGGTACACTTACCATG
P4_F1,MB0423A2,SPY222575_01,acgaactc,ACACCGCCCGTCACTCT,CTTCCGGTACACTTACCATG
P4_F2,MB0423A2,SPY222575_02,agcttcgt,ACACCGCCCGTCACTCT,CTTCCGGTACACTTACCATG
P4_F3,MB0423A2,SPY222575_03,acgcagta,ACACCGCCCGTCACTCT,CTTCCGGTACACTTACCATG
P4_F4,MB0423A2,SPY222575_04,aggaccta,ACACCGCCCGTCACTCT,CTTCCGGTACACTTACCATG
P4_F5,MB0423A2,SPY222575_05,ctagctag,ACACCGCCCGTCACTCT,CTTCCGGTACACTTACCATG
P4_F6,MB0423A2,SPY222575_06,tacgtctc,ACACCGCCCGTCACTCT,CTTCCGGTACACTTACCATG
P4_F7,MB0423A2,SPY222575_07,ccattgca,ACACCGCCCGTCACTCT,CTTCCGGTACACTTACCATG
P4_F8,MB0423A2,SPY222575_08,cagaacgt,ACACCGCCCGTCACTCT,CTTCCGGTACACTTACCATG
P4_F9,MB0423A2,SPY222575_09,atcggatg,ACACCGCCCGTCACTCT,CTTCCGGTACACTTACCATG
P4_F10,MB0423A2,SPY222575_10,cttgtgac,ACACCGCCCGTCACTCT,CTTCCGGTACACTTACCATG
P4_F11,MB0423A2,SPY222575_11,tctgttcg,ACACCGCCCGTCACTCT,CTTCCGGTACACTTACCATG
P4_F12,MB0423A2,SPY222575_12,accagtac,ACACCGCCCGTCACTCT,CTTCCGGTACACTTACCATG
P4_G1,MB0423A2,SPY222576_01,caagactc,ACACCGCCCGTCACTCT,CTTCCGGTACACTTACCATG
P4_G2,MB0423A2,SPY222576_02,caagcact,ACACCGCCCGTCACTCT,CTTCCGGTACACTTACCATG
P4_G3,MB0423A2,SPY222576_03,ctagacct,ACACCGCCCGTCACTCT,CTTCCGGTACACTTACCATG
P4_G4,MB0423A2,SPY222576_04,caagtcca,ACACCGCCCGTCACTCT,CTTCCGGTACACTTACCATG
P4_G5,MB0423A2,SPY222576_05,gaatccac,ACACCGCCCGTCACTCT,CTTCCGGTACACTTACCATG
P4_G6,MB0423A2,SPY222576_06,gccagtta,ACACCGCCCGTCACTCT,CTTCCGGTACACTTACCATG
P4_G7,MB0423A2,SPY222576_07,atcgagac,ACACCGCCCGTCACTCT,CTTCCGGTACACTTACCATG
P4_G8,MB0423A2,SPY222576_08,gtatcgtg,ACACCGCCCGTCACTCT,CTTCCGGTACACTTACCATG
P4_G9,MB0423A2,SPY222576_09,acgtgctt,ACACCGCCCGTCACTCT,CTTCCGGTACACTTACCATG
P4_G10,MB0423A2,SPY222576_10,gcggtatt,ACACCGCCCGTCACTCT,CTTCCGGTACACTTACCATG
P4_G11,MB0423A2,SPY222576_11,tgcaacga,ACACCGCCCGTCACTCT,CTTCCGGTACACTTACCATG
P4_G12,MB0423A2,SPY222576_12,ctaggtgt,ACACCGCCCGTCACTCT,CTTCCGGTACACTTACCATG
P4_H1,MB0423A2,SPY222577_01,taaggcgt,ACACCGCCCGTCACTCT,CTTCCGGTACACTTACCATG
P4_H2,MB0423A2,SPY222577_02,atcagagc,ACACCGCCCGTCACTCT,CTTCCGGTACACTTACCATG
P4_H3,MB0423A2,SPY222577_03,gcatggtt,ACACCGCCCGTCACTCT,CTTCCGGTACACTTACCATG
P4_H4,MB0423A2,SPY222577_04,ctagcaga,ACACCGCCCGTCACTCT,CTTCCGGTACACTTACCATG
P4_H5,MB0423A2,SPY222577_05,acggattg,ACACCGCCCGTCACTCT,CTTCCGGTACACTTACCATG
P4_H6,MB0423A2,SPY222577_06,taggtagc,ACACCGCCCGTCACTCT,CTTCCGGTACACTTACCATG
P4_H7,MB0423A2,SPY222577_07,aggcaagt,ACACCGCCCGTCACTCT,CTTCCGGTACACTTACCATG
P4_H8,MB0423A2,SPY222577_08,acgtcaca,ACACCGCCCGTCACTCT,CTTCCGGTACACTTACCATG
P4_H9,MB0423A2,SPY222577_09,tgtcgtac,ACACCGCCCGTCACTCT,CTTCCGGTACACTTACCATG
P4_H10,MB0423A2,SPY222577_10,ttgcagca,ACACCGCCCGTCACTCT,CTTCCGGTACACTTACCATG
P4_H11,MB0423A2,SPY222577_11,ggagactt,ACACCGCCCGTCACTCT,CTTCCGGTACACTTACCATG
P4_H12,MB0423A2,SPY222577_12,acggaact,ACACCGCCCGTCACTCT,CTTCCGGTACACTTACCATG
P2_E1,MB0423A7,OTHER04_01,acagaagc,ACACCGCCCGTCACTCT,CTTCCGGTACACTTACCATG
P2_E2,MB0423A7,OTHER04_02,cgcttatg,ACACCGCCCGTCACTCT,CTTCCGGTACACTTACCATG
P2_E3,MB0423A7,OTHER04_03,tccgagat,ACACCGCCCGTCACTCT,CTTCCGGTACACTTACCATG
P2_E4,MB0423A7,OTHER04_04,caacgtac,ACACCGCCCGTCACTCT,CTTCCGGTACACTTACCATG
P2_E5,MB0423A7,OTHER04_05,aacagctc,ACACCGCCCGTCACTCT,CTTCCGGTACACTTACCATG
P2_E6,MB0423A7,OTHER04_06,acagtgag,ACACCGCCCGTCACTCT,CTTCCGGTACACTTACCATG
P2_E7,MB0423A7,OTHER04_07,atacgtgc,ACACCGCCCGTCACTCT,CTTCCGGTACACTTACCATG
P2_E8,MB0423A7,OTHER04_08,gagtacag,ACACCGCCCGTCACTCT,CTTCCGGTACACTTACCATG
P2_E9,MB0423A7,OTHER04_09,catcggat,ACACCGCCCGTCACTCT,CTTCCGGTACACTTACCATG
P2_E10,MB0423A7,OTHER04_10,ttcactgg,ACACCGCCCGTCACTCT,CTTCCGGTACACTTACCATG
P2_E11,MB0423A7,OTHER04_11,tcgagcat,ACACCGCCCGTCACTCT,CTTCCGGTACACTTACCATG
P2_E12,MB0423A7,OTHER04_12,accaacct,ACACCGCCCGTCACTCT,CTTCCGGTACACTTACCATG
P2_F1,MB0423A7,OTHER05_01,agacctgt,ACACCGCCCGTCACTCT,CTTCCGGTACACTTACCATG
P2_F2,MB0423A7,OTHER05_02,agacgctt,ACACCGCCCGTCACTCT,CTTCCGGTACACTTACCATG
P2_F3,MB0423A7,OTHER05_03,ggctctat,ACACCGCCCGTCACTCT,CTTCCGGTACACTTACCATG
P2_F4,MB0423A7,OTHER05_04,gttaggca,ACACCGCCCGTCACTCT,CTTCCGGTACACTTACCATG
P2_F5,MB0423A7,OTHER05_05,cggtacta,ACACCGCCCGTCACTCT,CTTCCGGTACACTTACCATG
P2_F6,MB0423A7,OTHER05_06,cggttgaa,ACACCGCCCGTCACTCT,CTTCCGGTACACTTACCATG
P2_F7,MB0423A7,OTHER05_07,catcagca,ACACCGCCCGTCACTCT,CTTCCGGTACACTTACCATG
P2_F8,MB0423A7,OTHER05_08,agagtctg,ACACCGCCCGTCACTCT,CTTCCGGTACACTTACCATG
P2_F9,MB0423A7,OTHER05_09,aagaaccg,ACACCGCCCGTCACTCT,CTTCCGGTACACTTACCATG
P2_F10,MB0423A7,OTHER05_10,tgaagtcg,ACACCGCCCGTCACTCT,CTTCCGGTACACTTACCATG
P2_F11,MB0423A7,OTHER05_11,gtgcattg,ACACCGCCCGTCACTCT,CTTCCGGTACACTTACCATG
P2_F12,MB0423A7,OTHER05_12,atgagcac,ACACCGCCCGTCACTCT,CTTCCGGTACACTTACCATG
P2_G1,MB0423A7,OTHER06_01,cgctctta,ACACCGCCCGTCACTCT,CTTCCGGTACACTTACCATG
P2_G2,MB0423A7,OTHER06_02,aacgtcga,ACACCGCCCGTCACTCT,CTTCCGGTACACTTACCATG
P2_G3,MB0423A7,OTHER06_03,tagcgtag,ACACCGCCCGTCACTCT,CTTCCGGTACACTTACCATG
P2_G4,MB0423A7,OTHER06_04,catagtcg,ACACCGCCCGTCACTCT,CTTCCGGTACACTTACCATG
P2_G5,MB0423A7,OTHER06_05,ataccgga,ACACCGCCCGTCACTCT,CTTCCGGTACACTTACCATG
P2_G6,MB0423A7,OTHER06_06,gagctaga,ACACCGCCCGTCACTCT,CTTCCGGTACACTTACCATG
P2_G7,MB0423A7,OTHER06_07,accactca,ACACCGCCCGTCACTCT,CTTCCGGTACACTTACCATG
P2_G8,MB0423A7,OTHER06_08,cgtagact,ACACCGCCCGTCACTCT,CTTCCGGTACACTTACCATG
P2_G9,MB0423A7,OTHER06_09,gatgaggt,ACACCGCCCGTCACTCT,CTTCCGGTACACTTACCATG
P2_G10,MB0423A7,OTHER06_10,cggcataa,ACACCGCCCGTCACTCT,CTTCCGGTACACTTACCATG
P2_G11,MB0423A7,OTHER06_11,attcgcag,ACACCGCCCGTCACTCT,CTTCCGGTACACTTACCATG
P2_G12,MB0423A7,OTHER06_12,ggttactg,ACACCGCCCGTCACTCT,CTTCCGGTACACTTACCATG
P2_H1,MB0423A7,OTHER07_01,agacgaac,ACACCGCCCGTCACTCT,CTTCCGGTACACTTACCATG
P2_H2,MB0423A7,OTHER07_02,tagcctga,ACACCGCCCGTCACTCT,CTTCCGGTACACTTACCATG
P2_H3,MB0423A7,OTHER07_03,tgcactac,ACACCGCCCGTCACTCT,CTTCCGGTACACTTACCATG
P2_H4,MB0423A7,OTHER07_04,gtgcctat,ACACCGCCCGTCACTCT,CTTCCGGTACACTTACCATG
P2_H5,MB0423A7,OTHER07_05,gatcatcg,ACACCGCCCGTCACTCT,CTTCCGGTACACTTACCATG
P2_H6,MB0423A7,OTHER07_06,tgccagta,ACACCGCCCGTCACTCT,CTTCCGGTACACTTACCATG
P2_H7,MB0423A7,OTHER07_07,caatggct,ACACCGCCCGTCACTCT,CTTCCGGTACACTTACCATG
P2_H8,MB0423A7,OTHER07_08,tccttcca,ACACCGCCCGTCACTCT,CTTCCGGTACACTTACCATG
P2_H9,MB0423A7,OTHER07_09,cttcaggt,ACACCGCCCGTCACTCT,CTTCCGGTACACTTACCATG
P2_H10,MB0423A7,OTHER07_10,ggtgcata,ACACCGCCCGTCACTCT,CTTCCGGTACACTTACCATG
P2_H11,MB0423A7,OTHER07_11,acaagctg,ACACCGCCCGTCACTCT,CTTCCGGTACACTTACCATG
P2_H12,MB0423A7,OTHER07_12,agatggag,ACACCGCCCGTCACTCT,CTTCCGGTACACTTACCATG
P3_A1,MB0423A7,OTHER08_01,cgtgatac,ACACCGCCCGTCACTCT,CTTCCGGTACACTTACCATG
P3_A2,MB0423A7,OTHER08_02,tcgcatac,ACACCGCCCGTCACTCT,CTTCCGGTACACTTACCATG
P3_A3,MB0423A7,OTHER08_03,catgtgga,ACACCGCCCGTCACTCT,CTTCCGGTACACTTACCATG
P3_A4,MB0423A7,OTHER08_04,gagtcagt,ACACCGCCCGTCACTCT,CTTCCGGTACACTTACCATG
P3_A5,MB0423A7,OTHER08_05,ttcctcac,ACACCGCCCGTCACTCT,CTTCCGGTACACTTACCATG
P3_A6,MB0423A7,OTHER08_06,acctaacc,ACACCGCCCGTCACTCT,CTTCCGGTACACTTACCATG
P3_A7,MB0423A7,OTHER08_07,tcggactt,ACACCGCCCGTCACTCT,CTTCCGGTACACTTACCATG
P3_A8,MB0423A7,OTHER08_08,gaacgact,ACACCGCCCGTCACTCT,CTTCCGGTACACTTACCATG
P3_A9,MB0423A7,OTHER08_09,gcacagaa,ACACCGCCCGTCACTCT,CTTCCGGTACACTTACCATG
P3_A10,MB0423A7,OTHER08_10,gaactgca,ACACCGCCCGTCACTCT,CTTCCGGTACACTTACCATG
P3_A11,MB0423A7,OTHER08_11,ttcgttgc,ACACCGCCCGTCACTCT,CTTCCGGTACACTTACCATG
P3_A12,MB0423A7,OTHER08_12,tatcctcc,ACACCGCCCGTCACTCT,CTTCCGGTACACTTACCATG
P3_B1,MB0423A7,OTHER09_01,cttcttcc,ACACCGCCCGTCACTCT,CTTCCGGTACACTTACCATG
P3_B2,MB0423A7,OTHER09_02,catgtacg,ACACCGCCCGTCACTCT,CTTCCGGTACACTTACCATG
P3_B3,MB0423A7,OTHER09_03,tcgctcta,ACACCGCCCGTCACTCT,CTTCCGGTACACTTACCATG
P3_B4,MB0423A7,OTHER09_04,accatgga,ACACCGCCCGTCACTCT,CTTCCGGTACACTTACCATG
P3_B5,MB0423A7,OTHER09_05,accgtaac,ACACCGCCCGTCACTCT,CTTCCGGTACACTTACCATG
P3_B6,MB0423A7,OTHER09_06,aagctcca,ACACCGCCCGTCACTCT,CTTCCGGTACACTTACCATG
P3_B7,MB0423A7,OTHER09_07,taacgctc,ACACCGCCCGTCACTCT,CTTCCGGTACACTTACCATG
P3_B8,MB0423A7,OTHER09_08,gcaatggt,ACACCGCCCGTCACTCT,CTTCCGGTACACTTACCATG
P3_B9,MB0423A7,OTHER09_09,aaggctgt,ACACCGCCCGTCACTCT,CTTCCGGTACACTTACCATG
P3_B10,MB0423A7,OTHER09_10,ccaatagc,ACACCGCCCGTCACTCT,CTTCCGGTACACTTACCATG
P3_B11,MB0423A7,OTHER09_11,atcaccag,ACACCGCCCGTCACTCT,CTTCCGGTACACTTACCATG
P3_B12,MB0423A7,OTHER09_12,ttctaggc,ACACCGCCCGTCACTCT,CTTCCGGTACACTTACCATG
P3_C1,MB0423A7,OTHER10_01,attctcgc,ACACCGCCCGTCACTCT,CTTCCGGTACACTTACCATG
P3_C2,MB0423A7,OTHER10_02,tgagtgac,ACACCGCCCGTCACTCT,CTTCCGGTACACTTACCATG
P3_C3,MB0423A7,OTHER10_03,agcaactg,ACACCGCCCGTCACTCT,CTTCCGGTACACTTACCATG
P3_C4,MB0423A7,OTHER10_04,ttccgaag,ACACCGCCCGTCACTCT,CTTCCGGTACACTTACCATG
P3_C5,MB0423A7,OTHER10_05,gtaagcga,ACACCGCCCGTCACTCT,CTTCCGGTACACTTACCATG
P3_C6,MB0423A7,OTHER10_06,tcgtatgg,ACACCGCCCGTCACTCT,CTTCCGGTACACTTACCATG
P3_C7,MB0423A7,OTHER10_07,ttcgatcg,ACACCGCCCGTCACTCT,CTTCCGGTACACTTACCATG
P3_C8,MB0423A7,OTHER10_08,acctgcaa,ACACCGCCCGTCACTCT,CTTCCGGTACACTTACCATG
P3_C9,MB0423A7,OTHER10_09,aaccagga,ACACCGCCCGTCACTCT,CTTCCGGTACACTTACCATG
P3_C10,MB0423A7,OTHER10_10,gcactaac,ACACCGCCCGTCACTCT,CTTCCGGTACACTTACCATG
P3_C11,MB0423A7,OTHER10_11,caacgaga,ACACCGCCCGTCACTCT,CTTCCGGTACACTTACCATG
P3_C12,MB0423A7,OTHER10_12,gaagatcc,ACACCGCCCGTCACTCT,CTTCCGGTACACTTACCATG
P3_D1,MB0423A7,OTHER11_01,tcgattgc,ACACCGCCCGTCACTCT,CTTCCGGTACACTTACCATG
P3_D2,MB0423A7,OTHER11_02,ggttcgaa,ACACCGCCCGTCACTCT,CTTCCGGTACACTTACCATG
P3_D3,MB0423A7,OTHER11_03,cgttacgt,ACACCGCCCGTCACTCT,CTTCCGGTACACTTACCATG
P3_D4,MB0423A7,OTHER11_04,tcggatca,ACACCGCCCGTCACTCT,CTTCCGGTACACTTACCATG
P3_D5,MB0423A7,OTHER11_05,caggtgtt,ACACCGCCCGTCACTCT,CTTCCGGTACACTTACCATG
P3_D6,MB0423A7,OTHER11_06,ttcgacgt,ACACCGCCCGTCACTCT,CTTCCGGTACACTTACCATG
P3_D7,MB0423A7,OTHER11_07,tggcgtta,ACACCGCCCGTCACTCT,CTTCCGGTACACTTACCATG
P3_D8,MB0423A7,OTHER11_08,tcgttcac,ACACCGCCCGTCACTCT,CTTCCGGTACACTTACCATG
P3_D9,MB0423A7,OTHER11_09,tctaaccg,ACACCGCCCGTCACTCT,CTTCCGGTACACTTACCATG
P3_D10,MB0423A7,OTHER11_10,ttcgtgct,ACACCGCCCGTCACTCT,CTTCCGGTACACTTACCATG
P3_D11,MB0423A7,OTHER11_11,ggtgtaag,ACACCGCCCGTCACTCT,CTTCCGGTACACTTACCATG
P3_D12,MB0423A7,OTHER11_12,agctcaag,ACACCGCCCGTCACTCT,CTTCCGGTACACTTACCATG
P3_E1,MB0423A7,SPY222580_01,catggcaa,ACACCGCCCGTCACTCT,CTTCCGGTACACTTACCATG
P3_E2,MB0423A7,SPY222580_02,tggaacct,ACACCGCCCGTCACTCT,CTTCCGGTACACTTACCATG
P3_E3,MB0423A7,SPY222580_03,ggttgtag,ACACCGCCCGTCACTCT,CTTCCGGTACACTTACCATG
P3_E4,MB0423A7,SPY222580_04,attgcagc,ACACCGCCCGTCACTCT,CTTCCGGTACACTTACCATG
P3_E5,MB0423A7,SPY222580_05,taaccgac,ACACCGCCCGTCACTCT,CTTCCGGTACACTTACCATG
P3_E6,MB0423A7,SPY222580_06,aagctgtg,ACACCGCCCGTCACTCT,CTTCCGGTACACTTACCATG
P3_E7,MB0423A7,SPY222580_07,aaggacac,ACACCGCCCGTCACTCT,CTTCCGGTACACTTACCATG
P3_E8,MB0423A7,SPY222580_08,agcgacat,ACACCGCCCGTCACTCT,CTTCCGGTACACTTACCATG
P3_E9,MB0423A7,SPY222580_09,gcacattc,ACACCGCCCGTCACTCT,CTTCCGGTACACTTACCATG
P3_E10,MB0423A7,SPY222580_10,tctaaggc,ACACCGCCCGTCACTCT,CTTCCGGTACACTTACCATG
P3_E11,MB0423A7,SPY222580_11,gcacttga,ACACCGCCCGTCACTCT,CTTCCGGTACACTTACCATG
P3_E12,MB0423A7,SPY222580_12,tgccatct,ACACCGCCCGTCACTCT,CTTCCGGTACACTTACCATG
P3_F1,MB0423A7,SPY222581_01,tccgaaga,ACACCGCCCGTCACTCT,CTTCCGGTACACTTACCATG
P3_F2,MB0423A7,SPY222581_02,tagttcgg,ACACCGCCCGTCACTCT,CTTCCGGTACACTTACCATG
P3_F3,MB0423A7,SPY222581_03,agcaaggt,ACACCGCCCGTCACTCT,CTTCCGGTACACTTACCATG
P3_F4,MB0423A7,SPY222581_04,aagccgaa,ACACCGCCCGTCACTCT,CTTCCGGTACACTTACCATG
P3_F5,MB0423A7,SPY222581_05,tactctcg,ACACCGCCCGTCACTCT,CTTCCGGTACACTTACCATG
P3_F6,MB0423A7,SPY222581_06,agcattgc,ACACCGCCCGTCACTCT,CTTCCGGTACACTTACCATG
P3_F7,MB0423A7,SPY222581_07,tacagcct,ACACCGCCCGTCACTCT,CTTCCGGTACACTTACCATG
P3_F8,MB0423A7,SPY222581_08,aaggcatg,ACACCGCCCGTCACTCT,CTTCCGGTACACTTACCATG
P3_F9,MB0423A7,SPY222581_09,gaactcgt,ACACCGCCCGTCACTCT,CTTCCGGTACACTTACCATG
P3_F10,MB0423A7,SPY222581_10,tggtcgta,ACACCGCCCGTCACTCT,CTTCCGGTACACTTACCATG
P3_F11,MB0423A7,SPY222581_11,ctacagac,ACACCGCCCGTCACTCT,CTTCCGGTACACTTACCATG
P3_F12,MB0423A7,SPY222581_12,tcgttgct,ACACCGCCCGTCACTCT,CTTCCGGTACACTTACCATG
P3_G1,MB0423A7,OTHER12_01,tctacacc,ACACCGCCCGTCACTCT,CTTCCGGTACACTTACCATG
P3_G2,MB0423A7,OTHER12_02,atagtggc,ACACCGCCCGTCACTCT,CTTCCGGTACACTTACCATG
P3_G3,MB0423A7,OTHER12_03,cgttagag,ACACCGCCCGTCACTCT,CTTCCGGTACACTTACCATG
P3_G4,MB0423A7,OTHER12_04,gattccga,ACACCGCCCGTCACTCT,CTTCCGGTACACTTACCATG
P3_G5,MB0423A7,OTHER12_05,agcatcca,ACACCGCCCGTCACTCT,CTTCCGGTACACTTACCATG
P3_G6,MB0423A7,OTHER12_06,aatcacgg,ACACCGCCCGTCACTCT,CTTCCGGTACACTTACCATG
P3_G7,MB0423A7,OTHER12_07,gcaatcca,ACACCGCCCGTCACTCT,CTTCCGGTACACTTACCATG
P3_G8,MB0423A7,OTHER12_08,ctgctatc,ACACCGCCCGTCACTCT,CTTCCGGTACACTTACCATG
P3_G9,MB0423A7,OTHER12_09,caaccaag,ACACCGCCCGTCACTCT,CTTCCGGTACACTTACCATG
P3_G10,MB0423A7,OTHER12_10,accttgtg,ACACCGCCCGTCACTCT,CTTCCGGTACACTTACCATG
P3_G11,MB0423A7,OTHER12_11,ccacactt,ACACCGCCCGTCACTCT,CTTCCGGTACACTTACCATG
P3_G12,MB0423A7,OTHER12_12,ccacgtta,ACACCGCCCGTCACTCT,CTTCCGGTACACTTACCATG
P3_H1,MB0423A7,SPY222584_01,cttgacga,ACACCGCCCGTCACTCT,CTTCCGGTACACTTACCATG
P3_H2,MB0423A7,SPY222584_02,tcgcgatt,ACACCGCCCGTCACTCT,CTTCCGGTACACTTACCATG
P3_H3,MB0423A7,SPY222584_03,tggtgatg,ACACCGCCCGTCACTCT,CTTCCGGTACACTTACCATG
P3_H4,MB0423A7,SPY222584_04,accgcata,ACACCGCCCGTCACTCT,CTTCCGGTACACTTACCATG
P3_H5,MB0423A7,SPY222584_05,attggcgt,ACACCGCCCGTCACTCT,CTTCCGGTACACTTACCATG
P3_H6,MB0423A7,SPY222584_06,ctaactcc,ACACCGCCCGTCACTCT,CTTCCGGTACACTTACCATG
P3_H7,MB0423A7,SPY222584_07,acctctgt,ACACCGCCCGTCACTCT,CTTCCGGTACACTTACCATG
P3_H8,MB0423A7,SPY222584_08,caacagtg,ACACCGCCCGTCACTCT,CTTCCGGTACACTTACCATG
P3_H9,MB0423A7,SPY222584_09,ttccgctt,ACACCGCCCGTCACTCT,CTTCCGGTACACTTACCATG
P3_H10,MB0423A7,SPY222584_10,agtaacgc,ACACCGCCCGTCACTCT,CTTCCGGTACACTTACCATG
P3_H11,MB0423A7,SPY222584_11,gtgtacca,ACACCGCCCGTCACTCT,CTTCCGGTACACTTACCATG
P3_H12,MB0423A7,SPY222584_12,gaagctga,ACACCGCCCGTCACTCT,CTTCCGGTACACTTACCATG
P4_A1,MB0423A7,CNEG02_01,ccactgat,ACACCGCCCGTCACTCT,CTTCCGGTACACTTACCATG
P4_A2,MB0423A7,CNEG02_02,agctgtga,ACACCGCCCGTCACTCT,CTTCCGGTACACTTACCATG
P4_A3,MB0423A7,CNEG02_03,gtagcgaa,ACACCGCCCGTCACTCT,CTTCCGGTACACTTACCATG
P4_A4,MB0423A7,CNEG02_04,gcatgtac,ACACCGCCCGTCACTCT,CTTCCGGTACACTTACCATG
P4_A5,MB0423A7,CNEG02_05,atccacca,ACACCGCCCGTCACTCT,CTTCCGGTACACTTACCATG
P4_A6,MB0423A7,CNEG02_06,tatgcgca,ACACCGCCCGTCACTCT,CTTCCGGTACACTTACCATG
P4_A7,MB0423A7,CNEG02_07,tctcgtca,ACACCGCCCGTCACTCT,CTTCCGGTACACTTACCATG
P4_A8,MB0423A7,CNEG02_08,accgtctt,ACACCGCCCGTCACTCT,CTTCCGGTACACTTACCATG
P4_A9,MB0423A7,CNEG02_09,ccgacata,ACACCGCCCGTCACTCT,CTTCCGGTACACTTACCATG
P4_A10,MB0423A7,CNEG02_10,tccttagc,ACACCGCCCGTCACTCT,CTTCCGGTACACTTACCATG
P4_A11,MB0423A7,CNEG02_11,cgaaggat,ACACCGCCCGTCACTCT,CTTCCGGTACACTTACCATG
P4_A12,MB0423A7,CNEG02_12,cacactct,ACACCGCCCGTCACTCT,CTTCCGGTACACTTACCATG
P4_B1,MB0423A7,CNEG01_01,ccttggaa,ACACCGCCCGTCACTCT,CTTCCGGTACACTTACCATG
P4_B2,MB0423A7,CNEG01_02,aagtcgtc,ACACCGCCCGTCACTCT,CTTCCGGTACACTTACCATG
P4_B3,MB0423A7,CNEG01_03,agaggcaa,ACACCGCCCGTCACTCT,CTTCCGGTACACTTACCATG
P4_B4,MB0423A7,CNEG01_04,gacattcc,ACACCGCCCGTCACTCT,CTTCCGGTACACTTACCATG
P4_B5,MB0423A7,CNEG01_05,ccatccaa,ACACCGCCCGTCACTCT,CTTCCGGTACACTTACCATG
P4_B6,MB0423A7,CNEG01_06,tgtatcgg,ACACCGCCCGTCACTCT,CTTCCGGTACACTTACCATG
P4_B7,MB0423A7,CNEG01_07,tgccttga,ACACCGCCCGTCACTCT,CTTCCGGTACACTTACCATG
P4_B8,MB0423A7,CNEG01_08,ccgaacaa,ACACCGCCCGTCACTCT,CTTCCGGTACACTTACCATG
P4_B9,MB0423A7,CNEG01_09,acgtctac,ACACCGCCCGTCACTCT,CTTCCGGTACACTTACCATG
P4_B10,MB0423A7,CNEG01_10,ccgtaaga,ACACCGCCCGTCACTCT,CTTCCGGTACACTTACCATG
P4_B11,MB0423A7,CNEG01_11,aggtgact,ACACCGCCCGTCACTCT,CTTCCGGTACACTTACCATG
P4_B12,MB0423A7,CNEG01_12,cacagagt,ACACCGCCCGTCACTCT,CTTCCGGTACACTTACCATG
P4_C1,MB0423A7,CNEG03_01,gaaggaag,ACACCGCCCGTCACTCT,CTTCCGGTACACTTACCATG
P4_C2,MB0423A7,CNEG03_02,acgatcgt,ACACCGCCCGTCACTCT,CTTCCGGTACACTTACCATG
P4_C3,MB0423A7,CNEG03_03,gaagtgtg,ACACCGCCCGTCACTCT,CTTCCGGTACACTTACCATG
P4_C4,MB0423A7,CNEG03_04,acgcgtat,ACACCGCCCGTCACTCT,CTTCCGGTACACTTACCATG
P4_C5,MB0423A7,CNEG03_05,agcagtct,ACACCGCCCGTCACTCT,CTTCCGGTACACTTACCATG
P4_C6,MB0423A7,CNEG03_06,acggtaga,ACACCGCCCGTCACTCT,CTTCCGGTACACTTACCATG
P4_C7,MB0423A7,CNEG03_07,ttgacggt,ACACCGCCCGTCACTCT,CTTCCGGTACACTTACCATG
P4_C8,MB0423A7,CNEG03_08,caatccgt,ACACCGCCCGTCACTCT,CTTCCGGTACACTTACCATG
P4_C9,MB0423A7,CNEG03_09,tagaggac,ACACCGCCCGTCACTCT,CTTCCGGTACACTTACCATG
P4_C10,MB0423A7,CNEG03_10,ttgatgcg,ACACCGCCCGTCACTCT,CTTCCGGTACACTTACCATG
P4_C11,MB0423A7,CNEG03_11,gcaggata,ACACCGCCCGTCACTCT,CTTCCGGTACACTTACCATG
P4_C12,MB0423A7,CNEG03_12,actactgg,ACACCGCCCGTCACTCT,CTTCCGGTACACTTACCATG
P4_D1,MB0423A7,OTHER13_01,caagaagg,ACACCGCCCGTCACTCT,CTTCCGGTACACTTACCATG
P4_D2,MB0423A7,OTHER13_02,ctactcag,ACACCGCCCGTCACTCT,CTTCCGGTACACTTACCATG
P4_D3,MB0423A7,OTHER13_03,caagcgta,ACACCGCCCGTCACTCT,CTTCCGGTACACTTACCATG
P4_D4,MB0423A7,OTHER13_04,caaggttg,ACACCGCCCGTCACTCT,CTTCCGGTACACTTACCATG
P4_D5,MB0423A7,OTHER13_05,tatgcagg,ACACCGCCCGTCACTCT,CTTCCGGTACACTTACCATG
P4_D6,MB0423A7,OTHER13_06,cgagatca,ACACCGCCCGTCACTCT,CTTCCGGTACACTTACCATG
P4_D7,MB0423A7,OTHER13_07,aatacggc,ACACCGCCCGTCACTCT,CTTCCGGTACACTTACCATG
P4_D8,MB0423A7,OTHER13_08,gcctatct,ACACCGCCCGTCACTCT,CTTCCGGTACACTTACCATG
P4_D9,MB0423A7,OTHER13_09,atcgctga,ACACCGCCCGTCACTCT,CTTCCGGTACACTTACCATG
P4_D10,MB0423A7,OTHER13_10,aggtagtg,ACACCGCCCGTCACTCT,CTTCCGGTACACTTACCATG
P4_D11,MB0423A7,OTHER13_11,cctaagct,ACACCGCCCGTCACTCT,CTTCCGGTACACTTACCATG
P4_D12,MB0423A7,OTHER13_12,tgtgcttg,ACACCGCCCGTCACTCT,CTTCCGGTACACTTACCATG
