TAG_NAME,RUN,SAMPLE,TAG,PRIMER F,PRIMER R
P1_A1,MB0423A1,OTHER01,acacacac,TAGAACAGGCTCCTCTAG,TTAGATACCCCACTATGC
P1_A5,MB0423A1,OTHER02,gtacgact,TAGAACAGGCTCCTCTAG,TTAGATACCCCACTATGC
P1_A7,MB0423A1,OTHER03,agcgacta,TAGAACAGGCTCCTCTAG,TTAGATACCCCACTATGC
P1_B1,MB0423A1,OTHER04,acagcaca,TAGAACAGGCTCCTCTAG,TTAGATACCCCACTATGC
P1_B5,MB0423A1,OTHER05,atgatcgc,TAGAACAGGCTCCTCTAG,TTAGATACCCCACTATGC
P1_B7,MB0423A1,CNEG03,tcagtgtc,TAGAACAGGCTCCTCTAG,TTAGATACCCCACTATGC
P1_C1,MB0423A1,OTHER06,gtgtacat,TAGAACAGGCTCCTCTAG,TTAGATACCCCACTATGC
P1_C5,MB0423A1,OTHER07,acgacgag,TAGAACAGGCTCCTCTAG,TTAGATACCCCACTATGC
P1_C7,MB0423A1,OTHER08,actctgct,TAGAACAGGCTCCTCTAG,TTAGATACCCCACTATGC
P1_D1,MB0423A1,OTHER09,tatgtcag,TAGAACAGGCTCCTCTAG,TTAGATACCCCACTATGC
P1_D5,MB0423A1,OTHER10,catcagtc,TAGAACAGGCTCCTCTAG,TTAGATACCCCACTATGC
P1_D7,MB0423A1,OTHER11,atatagcg,TAGAACAGGCTCCTCTAG,TTAGATACCCCACTATGC
P1_E1,MB0423A1,OTHER12,tagtcgca,TAGAACAGGCTCCTCTAG,TTAGATACCCCACTATGC
P1_E5,MB0423A1,OTHER13,atcagtca,TAGAACAGGCTCCTCTAG,TTAGATACCCCACTATGC
P1_E7,MB0423A1,OTHER14,ctatgcta,TAGAACAGGCTCCTCTAG,TTAGATACCCCACTATGC
P1_F1,MB0423A1,OTHER15,tactatac,TAGAACAGGCTCCTCTAG,TTAGATACCCCACTATGC
P1_F5,MB0423A1,OTHER16,tctactga,TAGAACAGGCTCCTCTAG,TTAGATACCCCACTATGC
P1_F7,MB0423A1,OTHER17,tcgcgctg,TAGAACAGGCTCCTCTAG,TTAGATACCCCACTATGC
P1_G1,MB0423A1,OTHER18,actagatc,TAGAACAGGCTCCTCTAG,TTAGATACCCCACTATGC
P1_G5,MB0423A1,OTHER19,gatgatct,TAGAACAGGCTCCTCTAG,TTAGATACCCCACTATGC
P1_G7,MB0423A1,OTHER20,agcacagt,TAGAACAGGCTCCTCTAG,TTAGATACCCCACTATGC
P1_H1,MB0423A1,OTHER21,gatcgcga,TAGAACAGGCTCCTCTAG,TTAGATACCCCACTATGC
P1_H5,MB0423A1,OTHER22,ctgcgtac,TAGAACAGGCTCCTCTAG,TTAGATACCCCACTATGC
P1_A1,MB0423A4,SPY222527,acacacac,TAGAACAGGCTCCTCTAG,TTAGATACCCCACTATGC
P1_A3,MB0423A4,SPY222539,cgctctcg,TAGAACAGGCTCCTCTAG,TTAGATACCCCACTATGC
P1_A7,MB0423A4,SPY222559,agcgacta,TAGAACAGGCTCCTCTAG,TTAGATACCCCACTATGC
P1_B1,MB0423A4,SPY222528,acagcaca,TAGAACAGGCTCCTCTAG,TTAGATACCCCACTATGC
P1_B3,MB0423A4,SPY222541,gtcgtaga,TAGAACAGGCTCCTCTAG,TTAGATACCCCACTATGC
P1_B7,MB0423A4,SPY222562,tcagtgtc,TAGAACAGGCTCCTCTAG,TTAGATACCCCACTATGC
P1_C1,MB0423A4,SPY222529,gtgtacat,TAGAACAGGCTCCTCTAG,TTAGATACCCCACTATGC
P1_C3,MB0423A4,SPY222542,gtcacgtc,TAGAACAGGCTCCTCTAG,TTAGATACCCCACTATGC
P1_C7,MB0423A4,SPY222565,actctgct,TAGAACAGGCTCCTCTAG,TTAGATACCCCACTATGC
P1_D1,MB0423A4,SPY222530,tatgtcag,TAGAACAGGCTCCTCTAG,TTAGATACCCCACTATGC
P1_D3,MB0423A4,SPY222546,gactgatg,TAGAACAGGCTCCTCTAG,TTAGATACCCCACTATGC
P1_D7,MB0423A4,SPY222569,atatagcg,TAGAACAGGCTCCTCTAG,TTAGATACCCCACTATGC
P1_E1,MB0423A4,SPY222532,tagtcgca,TAGAACAGGCTCCTCTAG,TTAGATACCCCACTATGC
P1_E3,MB0423A4,SPY222547,agactatg,TAGAACAGGCTCCTCTAG,TTAGATACCCCACTATGC
P1_E7,MB0423A4,SPY222574,ctatgcta,TAGAACAGGCTCCTCTAG,TTAGATACCCCACTATGC
P1_F1,MB0423A4,SPY222533,tactatac,TAGAACAGGCTCCTCTAG,TTAGATACCCCACTATGC
P1_F3,MB0423A4,SPY222552,gcgtcagc,TAGAACAGGCTCCTCTAG,TTAGATACCCCACTATGC
P1_F7,MB0423A4,SPY222575,tcgcgctg,TAGAACAGGCTCCTCTAG,TTAGATACCCCACTATGC
P1_G1,MB0423A4,SPY222537,actagatc,TAGAACAGGCTCCTCTAG,TTAGATACCCCACTATGC
P1_G3,MB0423A4,SPY222556,tgacatca,TAGAACAGGCTCCTCTAG,TTAGATACCCCACTATGC
P1_G7,MB0423A4,SPY222576,agcacagt,TAGAACAGGCTCCTCTAG,TTAGATACCCCACTATGC
P1_H1,MB0423A4,SPY222538,gatcgcga,TAGAACAGGCTCCTCTAG,TTAGATACCCCACTATGC
P1_H3,MB0423A4,SPY222557,acatgtgt,TAGAACAGGCTCCTCTAG,TTAGATACCCCACTATGC
P1_H7,MB0423A4,SPY222577,tagctagt,TAGAACAGGCTCCTCTAG,TTAGATACCCCACTATGC
P1_A3,MB0423A5,SPY222580,cgctctcg,TAGAACAGGCTCCTCTAG,TTAGATACCCCACTATGC
P1_B3,MB0423A5,SPY222581,gtcgtaga,TAGAACAGGCTCCTCTAG,TTAGATACCCCACTATGC
P1_C3,MB0423A5,SPY222582,gtcacgtc,TAGAACAGGCTCCTCTAG,TTAGATACCCCACTATGC
P1_D3,MB0423A5,SPY222584,gactgatg,TAGAACAGGCTCCTCTAG,TTAGATACCCCACTATGC
P1_E3,MB0423A5,CNEG02,agactatg,TAGAACAGGCTCCTCTAG,TTAGATACCCCACTATGC
P1_F3,MB0423A5,CNEG01,gcgtcagc,TAGAACAGGCTCCTCTAG,TTAGATACCCCACTATGC
P1_G3,MB0423A5,OTHER23,tgacatca,TAGAACAGGCTCCTCTAG,TTAGATACCCCACTATGC
